{
  "eslint.config.js": 1775516352.6025038,
  "vite.config.js": 1775720887.899593,
  "scripts\\pathfinder.py": 1775728451.276485,
  "src\\App.jsx": 1775720946.7306025,
  "src\\main.jsx": 1775516352.6892715,
  "src\\components\\bbos\\BbosPipelineHeader.jsx": 1775735737.275147,
  "src\\components\\bbos\\BbosRoleBadge.jsx": 1775721084.0694134,
  "src\\components\\bbos\\BbosRolePicker.jsx": 1775721084.0704122,
  "src\\components\\bbos\\BbosTaskPanel.jsx": 1775753247.263736,
  "src\\components\\crm\\ActivityLog.jsx": 1775516352.607491,
  "src\\components\\crm\\ContactList.jsx": 1775516352.6084898,
  "src\\components\\crm\\DealPipeline.jsx": 1775516352.6094866,
  "src\\components\\crm\\NotesView.jsx": 1775516352.6104834,
  "src\\components\\dashboard\\ActivityChart.jsx": 1775516352.6114805,
  "src\\components\\dashboard\\HealthPulse.jsx": 1775516352.6124783,
  "src\\components\\dashboard\\ModuleHealthCard.jsx": 1775516352.6134753,
  "src\\components\\dashboard\\PillarCard.jsx": 1775667134.5016062,
  "src\\components\\islamic\\AttributeCard.jsx": 1775516352.6154704,
  "src\\components\\islamic\\CeremonyGate.jsx": 1775721084.0744,
  "src\\components\\islamic\\DuaSection.jsx": 1775516352.6204557,
  "src\\components\\islamic\\IslamicPanel.jsx": 1775754275.2620904,
  "src\\components\\islamic\\NiyyahAct.jsx": 1775666497.4182997,
  "src\\components\\islamic\\PrayerOverlay.jsx": 1775721084.0763953,
  "src\\components\\islamic\\PrayerTime.jsx": 1775516352.622451,
  "src\\components\\islamic\\PrayerWarning.jsx": 1775516352.623448,
  "src\\components\\islamic\\ReadinessCheck.jsx": 1775699480.7877438,
  "src\\components\\islamic\\ResumeOverlay.jsx": 1775721084.0773928,
  "src\\components\\islamic\\ThresholdModal.jsx": 1775753938.9675996,
  "src\\components\\layout\\AppShell.jsx": 1775721084.0803845,
  "src\\components\\layout\\MobileNav.jsx": 1775516352.6314282,
  "src\\components\\layout\\NotificationsPanel.jsx": 1775516352.6324239,
  "src\\components\\layout\\Sidebar.jsx": 1775735639.1002164,
  "src\\components\\layout\\TopBar.jsx": 1775735704.1815393,
  "src\\components\\money\\AccountsTab.jsx": 1775721456.1340837,
  "src\\components\\money\\AssetsTab.jsx": 1775721084.0843744,
  "src\\components\\money\\ExpenseList.jsx": 1775516352.6364136,
  "src\\components\\money\\ExpensePanel.jsx": 1775721084.0853724,
  "src\\components\\money\\IncomeTab.jsx": 1775721084.087366,
  "src\\components\\money\\InvoiceList.jsx": 1775516352.6413996,
  "src\\components\\money\\MoneyDashboard.jsx": 1775610623.0872455,
  "src\\components\\money\\ProposalTab.jsx": 1775516352.6423979,
  "src\\components\\money\\VendorsTab.jsx": 1775516352.6423979,
  "src\\components\\office\\Announcements.jsx": 1775516352.6443927,
  "src\\components\\office\\CalendarView.jsx": 1775516352.645391,
  "src\\components\\office\\DocumentManager.jsx": 1775516352.6463888,
  "src\\components\\office\\Forum.jsx": 1775516352.647385,
  "src\\components\\office\\TeamChat.jsx": 1775516352.648383,
  "src\\components\\people\\contacts\\AddContactModal.jsx": 1775721304.3097315,
  "src\\components\\people\\contacts\\ContactCard.jsx": 1775721304.5600622,
  "src\\components\\people\\contacts\\ContactsPage.jsx": 1775721304.9021478,
  "src\\components\\people\\contacts\\ContactsTable.jsx": 1775721305.184393,
  "src\\components\\people\\contacts\\ContactsToolbar.jsx": 1775721305.4965584,
  "src\\components\\people\\contacts\\FloatingFAB.jsx": 1775721305.7648418,
  "src\\components\\people\\detail\\DetailPanel.jsx": 1775721306.6783977,
  "src\\components\\people\\detail\\DetailPanelHeader.jsx": 1775721306.8968134,
  "src\\components\\people\\detail\\DetailPanelTabs.jsx": 1775721307.1271975,
  "src\\components\\people\\detail\\EditSidePanel.jsx": 1775721307.3914926,
  "src\\components\\people\\hr\\AddDepartmentModal.jsx": 1775721300.4574668,
  "src\\components\\people\\hr\\AddEmployeeModal.jsx": 1775721300.7197669,
  "src\\components\\people\\hr\\AttendanceView.jsx": 1775721300.9690998,
  "src\\components\\people\\hr\\ClockInModal.jsx": 1775721301.2573278,
  "src\\components\\people\\hr\\EmployeeCard.jsx": 1775721301.4757435,
  "src\\components\\people\\hr\\EmployeeForm.jsx": 1775721301.6772046,
  "src\\components\\people\\hr\\EmployeeList.jsx": 1775721301.8916311,
  "src\\components\\people\\hr\\HRPage.jsx": 1775721302.1728792,
  "src\\components\\people\\hr\\LeaveManager.jsx": 1775721302.425205,
  "src\\components\\people\\hr\\OrganizationTab.jsx": 1775721302.6855097,
  "src\\components\\people\\hr\\SalariesTab.jsx": 1775721302.9188855,
  "src\\components\\people\\hr\\StatsTab.jsx": 1775721303.1622336,
  "src\\components\\people\\hr\\TeamInsights.jsx": 1775721303.4185493,
  "src\\components\\people\\hr\\TimesheetTab.jsx": 1775721303.7133257,
  "src\\components\\people\\hr\\TimeTracker.jsx": 1775721303.990585,
  "src\\components\\people\\recruitment\\RecruitmentPage.jsx": 1775721430.2302685,
  "src\\components\\people\\recruitment\\SalesPipelinePage.jsx": 1775721306.4609787,
  "src\\components\\people\\shared\\AvatarInitials.jsx": 1775721307.615891,
  "src\\components\\people\\shared\\CollapsibleSection.jsx": 1775721307.872208,
  "src\\components\\people\\shared\\TypeBadge.jsx": 1775721308.10259,
  "src\\components\\people\\tabs\\AbsenceTab.jsx": 1775721250.911944,
  "src\\components\\people\\tabs\\ClockInsTab.jsx": 1775721336.2939167,
  "src\\components\\people\\tabs\\CompanyInfoTab.jsx": 1775721256.4532173,
  "src\\components\\people\\tabs\\CompanyNotesTab.jsx": 1775721259.3006823,
  "src\\components\\people\\tabs\\CompanyPeopleTab.jsx": 1775721336.338797,
  "src\\components\\people\\tabs\\DocsTab.jsx": 1775721264.3513372,
  "src\\components\\people\\tabs\\HRTab.jsx": 1775721267.307433,
  "src\\components\\people\\tabs\\PersonalTab.jsx": 1775721336.1742375,
  "src\\components\\people\\tabs\\SalaryTab.jsx": 1775721336.2300878,
  "src\\components\\people\\tabs\\SkillsTab.jsx": 1775721275.4292884,
  "src\\components\\people\\tabs\\WorkTab.jsx": 1775721277.8119173,
  "src\\components\\shared\\GLabelBadge.jsx": 1775721084.113296,
  "src\\components\\shared\\GLabelPicker.jsx": 1775721084.113296,
  "src\\components\\shared\\IslamicTerm.jsx": 1775721084.113296,
  "src\\components\\shared\\MaqasidTable.jsx": 1775516352.6693256,
  "src\\components\\shared\\OverviewCards.jsx": 1775721031.4750803,
  "src\\components\\shared\\PillarHeader.jsx": 1775516352.6703227,
  "src\\components\\shared\\SearchPalette.jsx": 1775516352.6713202,
  "src\\components\\shared\\ViewToggle.jsx": 1775516352.6713202,
  "src\\components\\tech\\DarkWebTab.jsx": 1775516352.6723175,
  "src\\components\\tech\\EmailCampaignsTab.jsx": 1775516352.6723175,
  "src\\components\\tech\\IntegrationsTab.jsx": 1775516352.6733143,
  "src\\components\\tech\\TechOverview.jsx": 1775516352.6733143,
  "src\\components\\tech\\WebsitesTab.jsx": 1775516352.6743116,
  "src\\components\\work\\FilterBar.jsx": 1775516352.6743116,
  "src\\components\\work\\GanttView.jsx": 1775516352.6753092,
  "src\\components\\work\\KanbanBoard.jsx": 1775735536.4995856,
  "src\\components\\work\\KanbanCard.jsx": 1775735563.031708,
  "src\\components\\work\\KanbanColumn.jsx": 1775735549.7068005,
  "src\\components\\work\\ListView.jsx": 1775516352.6783032,
  "src\\components\\work\\PillarBoard.jsx": 1775753470.6022253,
  "src\\components\\work\\ProjectBoard.jsx": 1775753297.7365022,
  "src\\components\\work\\TaskDetailPanel.jsx": 1775721084.121275,
  "src\\data\\maqasid.js": 1775735629.5163019,
  "src\\data\\modules.js": 1775667134.5165665,
  "src\\data\\ayat\\community-readiness-ayat.js": 1775516352.680296,
  "src\\data\\ayat\\environment-readiness-ayat.js": 1775638057.1069984,
  "src\\data\\ayat\\faith-readiness-ayat.js": 1775637964.824725,
  "src\\data\\ayat\\family-readiness-ayat.js": 1775516352.6812937,
  "src\\data\\ayat\\intellect-readiness-ayat.js": 1775638106.6493585,
  "src\\data\\ayat\\learning-readiness-ayat.js": 1775516352.6822913,